,True Values,Predictions
1,-0.4548487138798879,-0.5049079
2,-1.0764391792377477,-0.60969883
3,-0.8504065277005031,-0.88558555
4,-0.7373902019318809,-0.89733684
5,-1.1329473421220584,-0.9178771
6,-0.8504065277005031,-1.1116309
7,-1.0764391792377477,-1.0749726
