,True Values,Predictions
1,-0.4548487138798879,-0.5039789
2,-1.0764391792377477,-0.604928
3,-0.8504065277005031,-0.879555
4,-0.7373902019318809,-0.895272
5,-1.1329473421220584,-0.9111773
6,-0.8504065277005031,-1.1043948
7,-1.0764391792377477,-1.0688827
