,True Values,Predictions
1,-0.4548487138798879,-0.9978243
2,-1.0764391792377477,-1.0962508
3,-0.8504065277005031,-0.22595127
4,-0.7373902019318809,-0.95901453
5,-1.1329473421220584,-0.9966252
6,-0.8504065277005031,-1.058099
7,-1.0764391792377477,-0.08417314
